[
    {
        "id": 100911,
        "name": "Alex Cannon",
        "rank": "Captain",
        "gender": "Male",
        "experience": "5 Years",
        "remuneration": 5000,
        "image": "https://st.depositphotos.com/1003098/3961/i/950/depositphotos_39613187-stock-photo-confident-pilot-in-front-of.jpg"
    },
    {
        "id": 100811,
        "name": "Erika Swanson",
        "rank": "Co-Pilot",
        "gender": "Female",
        "experience": "3 Years",
        "remuneration": 2000,
        "image": "https://media.istockphoto.com/photos/portrait-of-a-happy-pilot-in-the-airplanes-cockpit-picture-id1028360682?k=20&m=1028360682&s=612x612&w=0&h=ntH-KKI5laP_kN-r_MKyR1ah_MbKus1BW2h-ZN-HpVI="
    },
    {
        "id": 100711,
        "name": "Dennis Matthews",
        "rank": "Captain",
        "gender": "Male",
        "experience": "4 Years",
        "remuneration": 4500,
        "image": "https://thumbs.dreamstime.com/b/pilot-cockpit-rear-view-confident-male-looking-over-shoulder-smiling-sitting-45826432.jpg"
    },
    {
        "id": 100611,
        "name": "Pamela Bell",
        "rank": "Co-Pilot",
        "gender": "Female",
        "experience": "1 Years",
        "remuneration": 1000,
        "image": "https://i.insider.com/582363b36acfdb21008b48cc?width=700"
    },
    {
        "id": 100511,
        "name": "Regina Maxwell",
        "rank": "Cabin Crew",
        "gender": "Female",
        "experience": "3 Years",
        "remuneration": 300,
        "image": "https://www.how2become.com/wp-content/uploads/2018/12/Brush-up-on-your-knowledge-of-the-cabin-crew-selection-process.jpeg"
    },
    {
        "id": 200611,
        "name": "Stacey Quinn",
        "rank": "Cabin Crew",
        "gender": "Female",
        "experience": "5 Years",
        "remuneration": 2000,
        "image": "https://thumbs.dreamstime.com/b/asian-flight-attendant-posing-smile-middle-aisle-inside-aircraft-passenger-seat-background-asian-flight-196750472.jpg"
    },
    {
        "id": 100411,
        "name": "Hilda Gross",
        "rank": "Cabin Crew",
        "gender": "Female",
        "experience": "2 Years",
        "remuneration": 200,
        "image": "https://encrypted-tbn0.gstatic.com/images?q=tbn:ANd9GcSZzdqrgwp0TzKxQ_fh7zATV1kl6TEmcSz07dExPaF3lTk3hjTdGB3zCZ-sbV2p-crNNUg&usqp=CAU"
    },
    {
        "id": 100311,
        "name": "Ryan Blair",
        "rank": "Cabin Crew",
        "gender": "Male",
        "experience": "5 Years",
        "remuneration": 900,
        "image": "https://betteraviationjobs.com/wp-content/uploads/2019/02/Saudia-Airlines-Male-Cabin-Crew.jpg"
    },
    {
        "id": 100211,
        "name": "Van Powell",
        "rank": "Cabin Crew",
        "gender": "Male",
        "experience": "2 Years",
        "remuneration": 200,
        "image": "https://www.collajmag.com/wp-content/uploads/2010/02/obed1.jpg"
    },
    {
        "id": 100111,
        "name": "Manuel Hayes",
        "rank": "Cabin Crew",
        "gender": "Male",
        "experience": "3 Years",
        "remuneration": 700,
        "image": "https://i2-prod.mirror.co.uk/incoming/article6322983.ece/ALTERNATES/s615b/Flight-attendant.jpg"
    },
    {
        "id": 200911,
        "name": "Alice Warren",
        "rank": "Cleaner",
        "gender": "Female",
        "experience": "2 Years",
        "remuneration": 150,
        "image": "https://www.euractiv.com/wp-content/uploads/sites/2/2020/10/w_56165649-800x450.jpg"
    },
    {
        "id": 200811,
        "name": "Jack Wells",
        "rank": "Cleaner",
        "gender": "Male",
        "experience": "1 Years",
        "remuneration": 100,
        "image": "https://content.fortune.com/wp-content/uploads/2020/08/GettyImages-1228002446.jpg?resize=1200,600"
    },
    {
        "id": 200711,
        "name": "Abraham Patrick",
        "rank": "Cabin Crew",
        "gender": "Male",
        "experience": "3 Years",
        "remuneration": 1500,
        "image": "https://www.marketingmind.in/wp-content/uploads/2019/09/male-Flight-attendant-jpg-700x394.jpg"
    }
]